{
  "environment": "web",
  "format": "html",
  "prefix": "https://storage.googleapis.com",
  "mainga": "UA-49880327-14",
  "updated": "2019-10-05T01:13:31Z",
  "id": "apigee-api-engineer-lab-02-target-server",
  "duration": 20,
  "title": "Lab 02: Target Servers",
  "authors": "rdeandrade",
  "summary": "In this lab, you'll pre-configure servers outside of the proxy that can be reused and modified without the need of a proxy redeploy.",
  "source": "1cF8ouWtkOHVlW7HVAv31FCe-0rdMDQ32LVK4gNrsHSs",
  "theme": "day-1",
  "status": [
    "draft"
  ],
  "category": [
    "Day 1"
  ],
  "tags": [
    "web"
  ],
  "feedback": "https://github.com/apigeekdemos/api-eng-training-resources/issues",
  "url": "apigee-api-engineer-lab-02-target-server"
}
