{
  "environment": "web",
  "format": "html",
  "prefix": "https://storage.googleapis.com",
  "mainga": "UA-49880327-14",
  "updated": "2019-10-14T22:30:57Z",
  "id": "apigee-api-engineer-supplemental-lab-03a-api-products-for-access-control",
  "duration": 25,
  "title": "Supplemental Lab 03a: API Products for Access Control",
  "authors": "rdeandrade",
  "summary": "In this lab, you'll learn how to configure API products to control access to the API.",
  "source": "1Ky7Yx7AMAwLZ65hzU3taHzRMssAG4n9DPJttXDw4Hbg",
  "theme": "supplemental",
  "status": [
    "draft"
  ],
  "category": [
    "Supplemental"
  ],
  "tags": [
    "web"
  ],
  "feedback": "https://github.com/apigeekdemos/api-eng-training-resources/issues",
  "url": "apigee-api-engineer-supplemental-lab-03a-api-products-for-access-control"
}
