{
  "environment": "web",
  "format": "html",
  "prefix": "https://storage.googleapis.com",
  "mainga": "UA-49880327-14",
  "updated": "2019-10-22T17:29:22Z",
  "id": "apigee-api-engineer-lab-11-traffic",
  "duration": 15,
  "title": "Lab 11: Traffic Management",
  "authors": "rdeandrade",
  "summary": "In this lab, you'll learn how to control the number of requests that are handled by the system",
  "source": "1XCCG7NTpdKarDjmQHvp2LSdtgAauoclWjiRVG_rvaXk",
  "theme": "day-3",
  "status": [
    "draft"
  ],
  "category": [
    "Day 3"
  ],
  "tags": [
    "web"
  ],
  "feedback": "https://github.com/apigeekdemos/api-eng-training-resources/issues",
  "url": "apigee-api-engineer-lab-11-traffic"
}
