{
  "environment": "web",
  "format": "html",
  "prefix": "https://storage.googleapis.com",
  "mainga": "UA-49880327-14",
  "updated": "2019-10-17T15:25:33Z",
  "id": "apigee-api-engineer-lab-08-mashup",
  "duration": 10,
  "title": "Lab 08: Mashup",
  "authors": "rdeandrade",
  "summary": "In this lab, you'll learn how to combine data from multiple sources",
  "source": "1dbGnWb1UFnZ8sB_FQKLE-wGQQQ5aMdp9Gsez9_fW_5k",
  "theme": "day-2",
  "status": [
    "draft"
  ],
  "category": [
    "Day 2"
  ],
  "tags": [
    "web"
  ],
  "feedback": "https://github.com/apigeekdemos/api-eng-training-resources/issues",
  "url": "apigee-api-engineer-lab-08-mashup"
}
