{
  "environment": "web",
  "format": "html",
  "prefix": "https://storage.googleapis.com",
  "mainga": "UA-49880327-14",
  "updated": "2019-10-16T18:33:39Z",
  "id": "apigee-api-engineer-lab-04-oauth",
  "duration": 19,
  "title": "Lab 04: Using OAuth",
  "authors": "rdeandrade",
  "summary": "In this lab, you'll learn how to publish an API and identify the clients",
  "source": "1LsNO1ZYnaTFG8V3tnFNzAtKK5xbcNfEYkJWJjX6Sp3o",
  "theme": "day-2",
  "status": [
    "draft"
  ],
  "category": [
    "Day 2"
  ],
  "tags": [
    "web"
  ],
  "feedback": "https://github.com/apigeekdemos/api-eng-training-resources/issues",
  "url": "apigee-api-engineer-lab-04-oauth"
}
