{
  "environment": "web",
  "format": "html",
  "prefix": "https://storage.googleapis.com",
  "mainga": "UA-49880327-14",
  "updated": "2019-10-07T22:22:20Z",
  "id": "apigee-api-engineer-lab-03-products",
  "duration": 25,
  "title": "Lab 03: Products, Developers and Apps",
  "authors": "rdeandrade",
  "summary": "In this lab, you'll learn how to publish an API and identify the clients",
  "source": "1ihnBnermXzt86TuON6qlp9O-7ZY6BtJG_XR_JT1sP3c",
  "theme": "day-1",
  "status": [
    "draft"
  ],
  "category": [
    "Day 1"
  ],
  "tags": [
    "web"
  ],
  "feedback": "https://github.com/apigeekdemos/api-eng-training-resources/issues",
  "url": "apigee-api-engineer-lab-03-products"
}
