{
  "environment": "web",
  "format": "html",
  "prefix": "https://storage.googleapis.com",
  "mainga": "UA-49880327-14",
  "updated": "2019-10-17T20:25:56Z",
  "id": "apigee-api-engineer-lab-12-cache",
  "duration": 10,
  "title": "Lab 12: Caching",
  "authors": "rdeandrade",
  "summary": "In this lab, you'll learn how to cache responses in Apigee to improve performance and response times",
  "source": "1Pq1ZCnLPjArOLLJk_jpsYf3iPIxKauklKVeNm93Cl_c",
  "theme": "day-3",
  "status": [
    "draft"
  ],
  "category": [
    "Day 3"
  ],
  "tags": [
    "web"
  ],
  "feedback": "https://github.com/apigeekdemos/api-eng-training-resources/issues",
  "url": "apigee-api-engineer-lab-12-cache"
}
