{
  "environment": "web",
  "format": "html",
  "prefix": "https://storage.googleapis.com",
  "mainga": "UA-49880327-14",
  "updated": "2019-10-22T17:27:30Z",
  "id": "apigee-api-engineer-lab-09-shared-flows",
  "duration": 10,
  "title": "Lab 09: Shared Flows",
  "authors": "rdeandrade",
  "summary": "In this lab, you'll learn how to reuse common code used across multiple proxies",
  "source": "1arwZooLo0wn7IYpDdvZZ2V5X_jGZcKBp1ydu7IwbVi0",
  "theme": "day-2",
  "status": [
    "draft"
  ],
  "category": [
    "Day 2"
  ],
  "tags": [
    "web"
  ],
  "feedback": "https://github.com/apigeekdemos/api-eng-training-resources/issues",
  "url": "apigee-api-engineer-lab-09-shared-flows"
}
