{
  "environment": "web",
  "format": "html",
  "prefix": "https://storage.googleapis.com",
  "mainga": "UA-49880327-14",
  "updated": "2019-10-24T17:56:58Z",
  "id": "apigee-api-engineer-lab-05-json-threat",
  "duration": 10,
  "title": "Lab 05: JSON Threat Protection",
  "authors": "rdeandrade",
  "summary": "In this lab, you'll learn how to protect your API against JSON content attacks.",
  "source": "1vdw-qYkydjJzNwerLWg3prmgTtjrKpQiT68onQcf72g",
  "theme": "day-2",
  "status": [
    "draft"
  ],
  "category": [
    "Day 2"
  ],
  "tags": [
    "web"
  ],
  "feedback": "https://github.com/apigeekdemos/api-eng-training-resources/issues",
  "url": "apigee-api-engineer-lab-05-json-threat"
}
