{
  "environment": "web",
  "format": "html",
  "prefix": "https://storage.googleapis.com",
  "mainga": "UA-49880327-14",
  "updated": "2019-10-14T22:44:35Z",
  "id": "apigee-api-engineer-supplemental-lab-08a-hosted-targets",
  "duration": 15,
  "title": "Supplemental Lab 08a: Hosted Targets",
  "authors": "rdeandrade",
  "summary": "In this lab, you'll learn how to deploy a node.js proxy using Hosted Targets",
  "source": "1jV4hP53_gEny71ibtlaFNE7H8Ku0_08_24MvvfZV2lQ",
  "theme": "supplemental",
  "status": [
    "draft"
  ],
  "category": [
    "Supplemental"
  ],
  "tags": [
    "web"
  ],
  "feedback": "https://github.com/apigeekdemos/api-eng-training-resources/issues",
  "url": "apigee-api-engineer-supplemental-lab-08a-hosted-targets"
}
