{
  "environment": "web",
  "format": "html",
  "prefix": "https://storage.googleapis.com",
  "mainga": "UA-49880327-14",
  "updated": "2019-10-10T23:22:30Z",
  "id": "apigee-api-engineer-supplemental-lab-02a-route-rules",
  "duration": 15,
  "title": "Supplemental Lab 02a: Proxy Endpoints and Route Rules",
  "authors": "rdeandrade",
  "summary": "In this lab, you'll learn how to configure multiple proxy endpoints and route rules.",
  "source": "12uouHgErD--bP0p-ORyoPdXC-MWkm1ktMWhk9R7Gju8",
  "theme": "supplemental",
  "status": [
    "draft"
  ],
  "category": [
    "Supplemental"
  ],
  "tags": [
    "web"
  ],
  "feedback": "https://github.com/apigeekdemos/api-eng-training-resources/issues",
  "url": "apigee-api-engineer-supplemental-lab-02a-route-rules"
}
