{
  "environment": "web",
  "format": "html",
  "prefix": "https://storage.googleapis.com",
  "mainga": "UA-49880327-14",
  "updated": "2019-10-16T21:58:54Z",
  "id": "apigee-api-engineer-supplemental-lab-06a-data-masking",
  "duration": 16,
  "title": "Supplemental Lab 06a: Data Masking",
  "authors": "rdeandrade",
  "summary": "In this lab, you'll learn how to convert a legacy SOAP service to a Rest API",
  "source": "1C5m1Ar09F5N-ilsb_jxgdetgihFSKV0ZVakyB5spb4k",
  "theme": "supplemental",
  "status": [
    "draft"
  ],
  "category": [
    "Supplemental"
  ],
  "tags": [
    "web"
  ],
  "feedback": "https://github.com/apigeekdemos/api-eng-training-resources/issues",
  "url": "apigee-api-engineer-supplemental-lab-06a-data-masking"
}
